{"scores":[3516,3220,3220,2977,2977,2783,2783,2783,2783,2783,2625,2426,2426,2426,2426,2384,2383,2334,2334,2334,2334,2334,2334,2293,2293,2293,2293,2289,2289,2289,2289,2283,2283,2204,2193,2193,2193,2192,2192,2192,2192,2192,2191,2164,2164,2164,2164,2164,2164,2164,2163,2163,2163,2163,2163,2163,2163,2163,2163,2163,2163,2163,2163,2163,2163,2163,2163,2163,2163,2163,2163,2163,2163,2163,2163,2163,2163,2163,2163,2163,2163,2163,2163,2163,2163,2163,2163,2163,2163,2163,2163,2163,2163,2163,2163,2163,2163,2163,2163,2163],"nodes":{"node-1":[1,1,1,1,1,1,1,1,1,1,1,1.0634766297931872,1.0634766297931872,1.0634766297931872,1.0634766297931872,1.153440824473994,1.153440824473994,1.0634766297931872,1.0634766297931872,1.0634766297931872,1.0634766297931872,1.0634766297931872,1.0634766297931872,1.0634766297931872,1.0634766297931872,1.0634766297931872,1.0634766297931872,0.9096567200833597,0.9096567200833597,0.9096567200833597,0.9096567200833597,1.0634766297931872,1.0634766297931872,1.0634766297931872,1.1117623002834847,1.1117623002834847,1.1117623002834847,1.1117623002834847,1.1117623002834847,1.1117623002834847,1.1117623002834847,1.1117623002834847,1.1907352035303749,1.0906512960159025,1.0906512960159025,1.0906512960159025,1.0906512960159025,1.0906512960159025,1.0906512960159025,1.0906512960159025,1.1267710269532771,1.1267710269532771,1.1267710269532771,1.1267710269532771,1.1267710269532771,1.1267710269532771,1.1267710269532771,1.1267710269532771,1.1267710269532771,1.1267710269532771,1.1267710269532771,1.1267710269532771,1.1267710269532771,1.1267710269532771,1.1267710269532771,1.1267710269532771,1.1267710269532771,1.1267710269532771,1.1267710269532771,1.1267710269532771,1.1267710269532771,1.1267710269532771,1.1267710269532771,1.1267710269532771,1.1267710269532771,1.1267710269532771,1.1267710269532771,1.1267710269532771,1.1267710269532771,1.1267710269532771,1.1267710269532771,1.1267710269532771,1.1267710269532771,1.1267710269532771,1.1267710269532771,1.1267710269532771,1.1267710269532771,1.1267710269532771,1.1267710269532771,1.1267710269532771,1.1267710269532771,1.1267710269532771,1.1267710269532771,1.1267710269532771,1.1267710269532771,1.1267710269532771,1.1267710269532771,1.1267710269532771,1.1267710269532771,1.1267710269532771],"node-2":[2,2,2,2.1889914985694343,2.1889914985694343,2.3846359065677514,2.3846359065677514,2.3846359065677514,2.3846359065677514,2.3846359065677514,2.3846359065677514,2.6628769377424333,2.6628769377424333,2.6628769377424333,2.6628769377424333,2.6628769377424333,2.6628769377424333,3.177206724435504,3.177206724435504,3.177206724435504,3.177206724435504,3.177206724435504,3.177206724435504,3.177206724435504,3.177206724435504,3.177206724435504,3.177206724435504,3.3337051857391002,3.3337051857391002,3.3337051857391002,3.3337051857391002,3.177206724435504,3.177206724435504,3.80325208771135,3.80325208771135,3.80325208771135,3.80325208771135,3.5494435565501457,3.5494435565501457,3.5494435565501457,3.5494435565501457,3.5494435565501457,3.1316938827273497,3.409330750003127,3.409330750003127,3.409330750003127,3.409330750003127,3.409330750003127,3.409330750003127,3.409330750003127,3.409330750003127,3.409330750003127,3.409330750003127,3.409330750003127,3.409330750003127,3.409330750003127,3.409330750003127,3.409330750003127,3.409330750003127,3.409330750003127,3.409330750003127,3.409330750003127,3.409330750003127,3.409330750003127,3.409330750003127,3.409330750003127,3.409330750003127,3.409330750003127,3.409330750003127,3.409330750003127,3.409330750003127,3.409330750003127,3.409330750003127,3.409330750003127,3.409330750003127,3.409330750003127,3.409330750003127,3.409330750003127,3.409330750003127,3.409330750003127,3.409330750003127,3.409330750003127,3.409330750003127,3.409330750003127,3.409330750003127,3.409330750003127,3.409330750003127,3.409330750003127,3.409330750003127,3.409330750003127,3.409330750003127,3.409330750003127,3.409330750003127,3.409330750003127,3.409330750003127,3.409330750003127,3.409330750003127,3.409330750003127,3.409330750003127,3.409330750003127],"node-3":[2,1.6830163463615937,1.6830163463615937,1.597979148493197,1.597979148493197,1.4566242086278411,1.4566242086278411,1.4566242086278411,1.4566242086278411,1.4566242086278411,1.1956102384920322,1.1956102384920322,1.1956102384920322,1.1956102384920322,1.1956102384920322,0.9870589608055125,1.0546472856008804,1.1956102384920322,1.1956102384920322,1.1956102384920322,1.1956102384920322,1.1956102384920322,1.1956102384920322,0.9820966727608675,0.9820966727608675,0.9820966727608675,0.9820966727608675,0.9874991799237387,0.9874991799237387,0.9874991799237387,0.9874991799237387,0.6842722697472959,0.6842722697472959,0.6842722697472959,0.6258552326874017,0.6258552326874017,0.6258552326874017,0.6069831959582006,0.6069831959582006,0.6069831959582006,0.6069831959582006,0.6069831959582006,0.6166221277941139,0.6069831959582006,0.6069831959582006,0.6069831959582006,0.6069831959582006,0.6069831959582006,0.6069831959582006,0.6069831959582006,0.6477654108998852,0.6477654108998852,0.6477654108998852,0.6477654108998852,0.6477654108998852,0.6477654108998852,0.6477654108998852,0.6477654108998852,0.6477654108998852,0.6477654108998852,0.6477654108998852,0.6477654108998852,0.6477654108998852,0.6477654108998852,0.6477654108998852,0.6477654108998852,0.6477654108998852,0.6477654108998852,0.6477654108998852,0.6477654108998852,0.6477654108998852,0.6477654108998852,0.6477654108998852,0.6477654108998852,0.6477654108998852,0.6477654108998852,0.6477654108998852,0.6477654108998852,0.6477654108998852,0.6477654108998852,0.6477654108998852,0.6477654108998852,0.6477654108998852,0.6477654108998852,0.6477654108998852,0.6477654108998852,0.6477654108998852,0.6477654108998852,0.6477654108998852,0.6477654108998852,0.6477654108998852,0.6477654108998852,0.6477654108998852,0.6477654108998852,0.6477654108998852,0.6477654108998852,0.6477654108998852,0.6477654108998852,0.6477654108998852,0.6477654108998852]}}