{"scores":[3516,3502,3502,3302,3054,3054,2979,2979,2977,2977,2977,2625,2625,2557,2557,2557,2426,2426,2333,2333,2333,2333,2333,2333,2333,2333,2328,2328,2328,2328,2291,2291,2291,2291,2291,2291,2291,2274,2274,2274,2192,2192,2192,2192,2192,2192,2173,2164,2163,2163,2161,2161,2161,2161,2161,2161,2161,2161,2161,2161,2161,2161,2161,2161,2161,2161,2161,2161,2161,2161,2161,2161,2161,2161,2161,2161,2161,2161,2161,2161,2161,2161,2161,2161,2161,2161,2161,2161,2161,2161,2161,2161,2161,2161,2161,2161,2161,2161,2161,2161],"nodes":{"node-1":[1,1,1,1.1551043176041005,1.1551043176041005,1.1551043176041005,1,1,0.9559034542954935,0.9559034542954935,0.9559034542954935,1,1,1,1,1,1,1,1,1,1,1,1,1,1,1,1.2532155909042153,1.2532155909042153,1.2532155909042153,1.2532155909042153,1.3415146888308063,1.3415146888308063,1.3415146888308063,1.3415146888308063,1.3415146888308063,1.3415146888308063,1.3415146888308063,1.4065096572410254,1.4065096572410254,1.4065096572410254,1.7031228165966266,1.7031228165966266,1.7031228165966266,1.7031228165966266,1.7031228165966266,1.7031228165966266,1.5820178536663119,1.7031228165966266,1.7031228165966266,1.7031228165966266,1.5709122340546133,1.5709122340546133,1.5709122340546133,1.5709122340546133,1.5709122340546133,1.5709122340546133,1.5709122340546133,1.5709122340546133,1.5709122340546133,1.5709122340546133,1.5709122340546133,1.5709122340546133,1.5709122340546133,1.5709122340546133,1.5709122340546133,1.5709122340546133,1.5709122340546133,1.5709122340546133,1.5709122340546133,1.5709122340546133,1.5709122340546133,1.5709122340546133,1.5709122340546133,1.5709122340546133,1.5709122340546133,1.5709122340546133,1.5709122340546133,1.5709122340546133,1.5709122340546133,1.5709122340546133,1.5709122340546133,1.5709122340546133,1.5709122340546133,1.5709122340546133,1.5709122340546133,1.5709122340546133,1.5709122340546133,1.5709122340546133,1.5709122340546133,1.5709122340546133,1.5709122340546133,1.5709122340546133,1.5709122340546133,1.5709122340546133,1.5709122340546133,1.5709122340546133,1.5709122340546133,1.5709122340546133,1.5709122340546133,1.5709122340546133],"node-2":[2,2.1187519405781443,2.1187519405781443,2,2,2,2.2314413597526457,2.2314413597526457,2.2314413597526457,2.2314413597526457,2.2314413597526457,2.6674496951601006,2.6674496951601006,2.850714704449127,2.850714704449127,2.850714704449127,3.3939905399264108,3.3939905399264108,3.927530444536151,3.927530444536151,3.927530444536151,3.927530444536151,3.927530444536151,3.927530444536151,3.927530444536151,3.927530444536151,3.927530444536151,3.927530444536151,3.927530444536151,3.927530444536151,3.927530444536151,3.927530444536151,3.927530444536151,3.927530444536151,3.927530444536151,3.927530444536151,3.927530444536151,4.389782073780247,4.389782073780247,4.389782073780247,4.8386294920700825,4.8386294920700825,4.8386294920700825,4.8386294920700825,4.8386294920700825,4.8386294920700825,5.529513450827247,5.332254707466977,5.332254707466977,5.332254707466977,5.332254707466977,5.332254707466977,5.332254707466977,5.332254707466977,5.332254707466977,5.332254707466977,5.332254707466977,5.332254707466977,5.332254707466977,5.332254707466977,5.332254707466977,5.332254707466977,5.332254707466977,5.332254707466977,5.332254707466977,5.332254707466977,5.332254707466977,5.332254707466977,5.332254707466977,5.332254707466977,5.332254707466977,5.332254707466977,5.332254707466977,5.332254707466977,5.332254707466977,5.332254707466977,5.332254707466977,5.332254707466977,5.332254707466977,5.332254707466977,5.332254707466977,5.332254707466977,5.332254707466977,5.332254707466977,5.332254707466977,5.332254707466977,5.332254707466977,5.332254707466977,5.332254707466977,5.332254707466977,5.332254707466977,5.332254707466977,5.332254707466977,5.332254707466977,5.332254707466977,5.332254707466977,5.332254707466977,5.332254707466977,5.332254707466977,5.332254707466977],"node-3":[2,2,2,1.768152348080591,1.6420476377855715,1.6420476377855715,1.6870200854370294,1.6870200854370294,1.6870200854370294,1.6870200854370294,1.6870200854370294,1.364161223508632,1.364161223508632,1.364161223508632,1.364161223508632,1.364161223508632,1.364161223508632,1.364161223508632,1.364161223508632,1.364161223508632,1.364161223508632,1.364161223508632,1.364161223508632,1.364161223508632,1.364161223508632,1.364161223508632,1.4066971065933958,1.4066971065933958,1.4066971065933958,1.4066971065933958,1.1360278836027196,1.1360278836027196,1.1360278836027196,1.1360278836027196,1.1360278836027196,1.1360278836027196,1.1360278836027196,0.9673085379436188,0.9673085379436188,0.9673085379436188,0.9673085379436188,0.9673085379436188,0.9673085379436188,0.9673085379436188,0.9673085379436188,0.9673085379436188,0.9673085379436188,0.9673085379436188,1.0118312618475271,1.0118312618475271,0.9673085379436188,0.9673085379436188,0.9673085379436188,0.9673085379436188,0.9673085379436188,0.9673085379436188,0.9673085379436188,0.9673085379436188,0.9673085379436188,0.9673085379436188,0.9673085379436188,0.9673085379436188,0.9673085379436188,0.9673085379436188,0.9673085379436188,0.9673085379436188,0.9673085379436188,0.9673085379436188,0.9673085379436188,0.9673085379436188,0.9673085379436188,0.9673085379436188,0.9673085379436188,0.9673085379436188,0.9673085379436188,0.9673085379436188,0.9673085379436188,0.9673085379436188,0.9673085379436188,0.9673085379436188,0.9673085379436188,0.9673085379436188,0.9673085379436188,0.9673085379436188,0.9673085379436188,0.9673085379436188,0.9673085379436188,0.9673085379436188,0.9673085379436188,0.9673085379436188,0.9673085379436188,0.9673085379436188,0.9673085379436188,0.9673085379436188,0.9673085379436188,0.9673085379436188,0.9673085379436188,0.9673085379436188,0.9673085379436188,0.9673085379436188]}}