{
  "execute_time":
  {
    "node-2": -17.28981112411329,
    "node-3": 60.37703004087302,
    "edp-2": 12.733806407523524,
    "request_size": 0.06817965497947959,
    "base": 27.820876390140832
  },
  "memory_use":
  {
    "node-2": 176.0438313189002,
    "node-3": 105.31998757854984,
    "edp-2": 1.7368364470270123,
    "request_size": 1.8757088066985852,
    "base": 44.19621851069326
  }
}

